Country;Density;Abbreviation;Agricultural Land( %);Land Area(Km2);Armed Forces size;Birth Rate;Calling Code;Capital/Major City;Co2-Emissions;CPI;CPI Change (%);Currency-Code;Fertility Rate;Forested Area (%);Gasoline Price;GDP;Gross primary education enrollment (%);Gross tertiary education enrollment (%);Infant mortality;Largest city;Life expectancy;Maternal mortality ratio;Minimum wage;Official language;Out of pocket health expenditure;Physicians per thousand;Population;Population: Labor force participation (%);Tax revenue (%);Total tax rate;Unemployment rate;Urban_population;Latitude;Longitude
Afghanistan;60;AF;58.10%;65223;323;32.49;93;Kabul;8672;149.9;2.30%;AFN;4.47;2.10%;$0.70 ;$19101353833 ;104.00%;9.70%;47.9;Kabul;64.5;638;$0.43 ;Pashto;78.40%;0.28;38041754;48.90%;9.30%;71.40%;11.12%;9797273;3.393.911;67.709.953
Albania;105;AL;43.10%;28748;9;11.78;355;Tirana;4536;119.05;1.40%;ALL;1.62;28.10%;$1.36 ;$15278077447 ;107.00%;55.00%;7.8;Tirana;78.5;15;$1.12 ;Albanian;56.90%;1.2;2854191;55.70%;18.60%;36.60%;12.33%;1747593;41.153.332;20.168.331
Algeria;18;DZ;17.40%;2381741;317;24.28;213;Algiers;150006;151.36;2.00%;DZD;3.02;0.80%;$0.28 ;$169988236398 ;109.90%;51.40%;20.1;Algiers;76.7;112;$0.95 ;Arabic;28.10%;1.72;43053054;41.20%;37.20%;66.10%;11.70%;31510100;28.033.886;1.659.626
Andorra;164;AD;40.00%;468;;7.2;376;Andorra la Vella;469;;;EUR;1.27;34.00%;$1.51 ;$3154057987 ;106.40%;;2.7;Andorra la Vella;;;$6.63 ;Catalan;36.40%;3.33;77142;;;;;67873;42.506.285;1.521.801
Angola;26;AO;47.50%;1246700;117;40.73;244;Luanda;34693;261.73;17.10%;AOA;5.52;46.30%;$0.97 ;$94635415870 ;113.50%;9.30%;51.6;Luanda;60.8;241;$0.71 ;Portuguese;33.40%;0.21;31825295;77.50%;9.20%;49.10%;6.89%;21061025;-11.202.692;17.873.887
Antigua and Barbuda;223;AG;20.50%;443;0;15.33;1;St. John's Saint John;557;113.81;1.20%;XCD;1.99;22.30%;$0.99 ;$1727759259 ;105.00%;24.80%;5;St. John's Saint John;76.9;42;$3.04 ;English;24.30%;2.76;97118;;16.50%;43.00%;;238;17.060.816;-61.796.428
Argentina;17;AR;54.30%;2780400;105;17.02;54;Buenos Aires;201348;232.75;53.50%;ARS;2.26;9.80%;$1.10 ;$449663446954 ;109.70%;90.00%;8.8;Buenos Aires;76.5;39;$3.35 ;Spanish;17.60%;3.96;44938712;61.30%;10.10%;106.30%;9.79%;41339571;-38.416.097;-63.616.672
Armenia;104;AM;58.90%;29743;49;13.99;374;Yerevan;5156;129.18;1.40%;AMD;1.76;11.70%;$0.77 ;$13672802158 ;92.70%;54.60%;11;Yerevan;74.9;26;$0.66 ;Armenian;81.60%;4.4;2957731;55.60%;20.90%;22.60%;16.99%;1869848;40.069.099;45.038.189
Australia;3;AU;48.20%;7741220;58;12.6;61;Canberra;375908;119.8;1.60%;AUD;1.74;16.30%;$0.93 ;$1392680589329 ;100.30%;113.10%;3.1;Sydney;82.7;6;$13.59 ;None;19.60%;3.68;25766605;65.50%;23.00%;47.40%;5.27%;21844756;-25.274.398;133.775.136
Austria;109;AT;32.40%;83871;21;9.7;43;Vienna;61448;118.06;1.50%;EUR;1.47;46.90%;$1.20 ;$446314739528 ;103.10%;85.10%;2.9;Vienna;81.6;5;;German;17.90%;5.17;8877067;60.70%;25.40%;51.40%;4.67%;5194416;47.516.231;14.550.072
Azerbaijan;123;AZ;57.70%;866;82;14;994;Baku;3762;156.32;2.60%;AZN;1.73;14.10%;$0.56 ;$39207000000 ;99.70%;27.70%;19.2;Baku;72.9;26;$0.47 ;Azerbaijani language;78.60%;3.45;10023318;66.50%;13.00%;40.70%;5.51%;5616165;40.143.105;47.576.927
The Bahamas;39;BS;1.40%;1388;1;13.97;1;Nassau Bahamas;1786;116.22;2.50%;;1.75;51.40%;$0.92 ;$12827000000 ;81.40%;15.10%;8.3;Nassau Bahamas;73.8;70;$5.25 ;English;27.80%;1.94;389482;74.60%;14.80%;33.80%;10.36%;323784;2.503.428;-7.739.628
Bahrain;2239;BH;11.10%;765;19;13.99;973;Manama;31694;117.59;2.10%;BHD;1.99;0.80%;$0.43 ;$38574069149 ;99.40%;50.50%;6.1;Riffa;77.2;14;;Arabic;25.10%;0.93;1501635;73.40%;4.20%;13.80%;0.71%;1467109;260.667;505.577
Bangladesh;1265;BD;70.60%;14846;221;18.18;880;Dhaka;84246;179.68;5.60%;BDT;2.04;11.00%;$1.12 ;$302571254131 ;116.50%;20.60%;25.1;Dhaka;72.3;173;$0.51 ;Bengali;71.80%;0.58;167310838;59.00%;8.80%;33.40%;4.19%;60987417;23.684.994;90.356.331
Barbados;668;BB;23.30%;430;1;10.65;1;Bridgetown;1276;134.09;4.10%;BBD;1.62;14.70%;$1.81 ;$5209000000 ;99.40%;65.40%;11.3;Bridgetown;79.1;27;$3.13 ;English;45.20%;2.48;287025;65.20%;27.50%;35.60%;10.33%;89431;13.193.887;-59.543.198
Belarus;47;BY;42.00%;2076;155;9.9;375;Minsk;5828;;5.60%;BYN;1.45;42.60%;$0.60 ;$63080457023 ;100.50%;87.40%;2.6;Minsk;74.2;2;$1.49 ;Russian;34.50%;5.19;9466856;64.10%;14.70%;53.30%;4.59%;7482982;53.709.807;27.953.389
Belgium;383;BE;44.60%;30528;32;10.3;32;City of Brussels;96889;117.11;1.40%;EUR;1.62;22.60%;$1.43 ;$529606710418 ;103.90%;79.70%;2.9;Brussels;81.6;5;$10.31 ;French;17.60%;3.07;11484055;53.60%;24.00%;55.40%;5.59%;11259082;50.503.887;4.469.936
Belize;17;BZ;7.00%;22966;2;20.79;501;Belmopan;568;105.68;-0.90%;BZD;2.31;59.70%;$1.13 ;$1879613600 ;111.70%;24.70%;11.2;Belize City;74.5;36;$1.65 ;English;22.70%;1.12;390353;65.10%;26.30%;31.10%;6.41%;179039;17.189.877;-8.849.765
Benin;108;BJ;33.30%;112622;12;36.22;229;Porto-Novo;6476;110.71;-0.90%;XOF;4.84;37.80%;$0.72 ;$14390709095 ;122.00%;12.30%;60.5;Cotonou;61.5;397;$0.39 ;French;40.50%;0.08;11801151;70.90%;10.80%;48.90%;2.23%;5648149;930.769;2.315.834
Bhutan;20;BT;13.60%;38394;6;17.26;975;Thimphu;1261;167.18;2.70%;;1.98;72.50%;$0.98 ;$2446674101 ;100.10%;15.60%;24.8;Thimphu;71.5;183;$0.32 ;Dzongkha;19.80%;0.42;727145;66.70%;16.00%;35.30%;2.34%;317538;27.514.162;90.433.601
Bolivia;11;BO;34.80%;1098581;71;21.75;591;Sucre;21606;148.32;1.80%;BOB;2.73;50.30%;$0.71 ;$40895322865 ;98.20%;;21.8;Santa Cruz de la Sierra;71.2;155;$1.36 ;Spanish;25.90%;1.59;11513100;71.80%;17.00%;83.70%;3.50%;8033035;-16.290.154;-63.588.653
Bosnia and Herzegovina;64;BA;43.10%;51197;11;8.11;387;Sarajevo;21848;104.9;0.60%;BAM;1.27;42.70%;$1.05 ;$20047848435 ;;23.30%;5;Tuzla Canton;77.3;10;$1.04 ;Bosnian;28.60%;2.16;3301000;46.40%;20.40%;23.70%;18.42%;1605144;43.915.886;17.679.076
Botswana;4;BW;45.60%;58173;9;24.82;267;Gaborone;634;149.75;2.80%;BWP;2.87;18.90%;$0.71 ;$18340510789 ;103.20%;24.90%;30;Gaborone;69.3;144;$0.29 ;English;5.30%;0.37;2346179;70.80%;19.50%;25.10%;18.19%;1616550;-22.328.474;24.684.866
Brazil;25;BR;33.90%;8515770;730;13.92;55;Brasï¿½ï¿½ï¿½;462299;167.4;3.70%;BRL;1.73;58.90%;$1.02 ;$1839758040766 ;115.40%;51.30%;12.8;Sï¿½ï¿½ï¿½ï¿½;75.7;60;$1.53 ;Portuguese;28.30%;2.15;212559417;63.90%;14.20%;65.10%;12.08%;183241641;-14.235.004;-5.192.528
Brunei;83;BN;2.70%;5765;8;14.9;673;Bandar Seri Begawan;7664;99.03;-0.40%;BND;1.85;72.10%;$0.37 ;$13469422941 ;103.20%;31.40%;9.8;;75.7;31;;Malay;6.00%;1.61;433285;64.70%;;8.00%;9.12%;337711;4.535.277;114.727.669
Bulgaria;64;BG;46.30%;110879;31;8.9;359;Sofia;41708;114.42;3.10%;BGN;1.56;35.40%;$1.11 ;$86000000000 ;89.30%;71.00%;5.9;Sofia;74.9;10;$1.57 ;Bulgarian;47.70%;4.03;6975761;55.40%;20.20%;28.30%;4.34%;5256027;42.733.883;2.548.583
Burkina Faso;76;BF;44.20%;2742;11;37.93;226;Ouagadougou;3418;106.58;-3.20%;XOF;5.19;19.30%;$0.98 ;$15745810235 ;96.10%;6.50%;49;Ouagadougou;61.2;320;$0.34 ;French;36.10%;0.08;20321378;66.40%;15.00%;41.30%;6.26%;6092349;12.238.333;-1.561.593
Burundi;463;BI;79.20%;2783;31;39.01;257;Bujumbura;495;182.11;-0.70%;BIF;5.41;10.90%;$1.21 ;$3012334882 ;121.40%;6.10%;41;Bujumbura;61.2;548;;Kirundi;19.10%;0.1;11530580;79.20%;13.60%;41.20%;1.43%;1541177;-3.373.056;29.918.886
Ivory Coast;83;CI;64.80%;322463;27;35.74;225;Yamoussoukro;9674;111.61;-0.90%;XOF;4.65;32.70%;$0.93 ;$58792205642 ;99.80%;9.30%;59.4;Abidjan;57.4;617;$0.36 ;French;36.00%;0.23;25716544;57.00%;11.80%;50.10%;3.32%;13176900;7.539.989;-554.708
Cape Verde;138;CV;19.60%;4033;1;19.49;238;Praia;543;110.5;1.10%;CVE;2.27;22.50%;$1.02 ;$1981845741 ;104.00%;23.60%;16.7;Praia;72.8;58;$0.68 ;Portuguese;23.20%;0.77;483628;60.50%;20.10%;37.50%;12.25%;364029;165.388;-230.418
Cambodia;95;KH;30.90%;181035;191;22.46;855;Phnom Penh;9919;127.63;2.50%;;2.5;52.90%;$0.90 ;$27089389787 ;107.40%;13.70%;24;Phnom Penh;69.6;160;;Khmer language;59.40%;0.17;16486542;82.30%;17.10%;23.10%;0.68%;3924621;12.565.679;104.990.963
Cameroon;56;CM;20.60%;47544;24;35.39;237;Yaoundï¿½;8291;118.65;2.50%;XAF;4.57;39.30%;$1.03 ;$38760467033 ;103.40%;12.80%;50.6;Douala;58.9;529;$0.35 ;French;69.70%;0.09;25876380;76.10%;12.80%;57.70%;3.38%;14741256;7.369.722;12.354.722
Canada;4;CA;6.90%;9984670;72;10.1;1;Ottawa;544894;116.76;1.90%;CAD;1.5;38.20%;$0.81 ;$1736425629520 ;100.90%;68.90%;4.3;Toronto;81.9;10;$9.51 ;French;14.60%;2.61;36991981;65.10%;12.80%;24.50%;5.56%;30628482;56.130.366;-106.346.771
Central African Republic;8;CF;8.20%;622984;8;35.35;236;Bangui;297;186.86;37.10%;;4.72;35.60%;$1.41 ;$2220307369 ;102.00%;3.00%;84.5;Bangui;52.8;829;$0.37 ;French;39.60%;0.06;4745185;72.00%;8.60%;73.30%;3.68%;1982064;6.611.111;20.939.444
Chad;13;TD;39.70%;1284000;35;42.17;235;N'Djamena;1016;117.7;-1.00%;XAF;5.75;3.80%;$0.78 ;$11314951343 ;86.80%;3.30%;71.4;N'Djamena;54;1140;$0.60 ;French;56.40%;0.04;15946876;70.70%;;63.50%;1.89%;3712273;15.454.166;18.732.207
Chile;26;CL;21.20%;756096;122;12.43;56;Santiago;85822;131.91;2.60%;CLP;1.65;24.30%;$1.03 ;$282318159745 ;101.40%;88.50%;6.2;Santiago;80;13;$2.00 ;Spanish;32.20%;2.59;18952038;62.60%;18.20%;34.00%;7.09%;16610135;-35.675.147;-71.542.969
China;153;CN;56.20%;9596960;2695000;10.9;86;Beijing;9893038;125.08;2.90%;CNY;1.69;22.40%;$0.96 ;$19910000000000 ;100.20%;50.60%;7.4;Shanghai;77;29;$0.87 ;Standard Chinese;32.40%;1.98;1397715000;68.00%;9.40%;59.20%;4.32%;842933962;3.586.166;104.195.397
Colombia;46;CO;40.30%;1138910;481;14.88;57;Bogotï¿½;97814;140.95;3.50%;COP;1.81;52.70%;$0.68 ;$323802808108 ;114.50%;55.30%;12.2;Bogotï¿½;77.1;83;$1.23 ;Spanish;18.30%;2.18;50339443;68.80%;14.40%;71.20%;9.71%;40827302;4.570.868;-74.297.333
Comoros;467;KM;71.50%;2235;;31.88;269;Moroni Comoros;202;103.62;-4.30%;KMF;4.21;19.70%;;$1185728677 ;99.50%;9.00%;51.3;Moroni Comoros;64.1;273;$0.71 ;French;74.80%;0.27;850886;43.30%;;219.60%;4.34%;248152;-116.455;433.333
Republic of the Congo;16;;31.10%;342;12;32.86;242;Brazzaville;3282;124.74;2.20%;XAF;4.43;65.40%;$0.97 ;$10820591131 ;106.60%;12.70%;36.2;Brazzaville;64.3;378;$0.88 ;French;43.80%;0.12;5380508;69.40%;9.00%;54.30%;9.47%;3625010;-0.228021;15.827.659
Costa Rica;100;CR;34.50%;511;10;13.97;506;San Josï¿½ï¿½ï¿½ï¿½ï¿½ï¿½;8023;128.85;2.10%;CRC;1.75;54.60%;$0.98 ;$61773944174 ;113.30%;55.20%;7.6;San Josï¿½ï¿½ï¿½ï¿½ï¿½ï¿½;80.1;27;$1.84 ;Spanish;21.50%;2.89;5047561;62.10%;13.60%;58.30%;11.85%;4041885;9.748.917;-83.753.428
Croatia;73;HR;27.60%;56594;18;9;385;Zagreb;17488;109.82;0.80%;HRK;1.47;34.40%;$1.26 ;$60415553039 ;96.50%;67.90%;4;Zagreb;78.1;8;$2.92 ;Croatian;15.20%;3;4067500;51.20%;22.00%;20.50%;6.93%;2328318;45.1;15.2
Cuba;106;CU;59.90%;11086;76;10.17;53;Havana;28284;;;CUP;1.62;31.30%;$1.40 ;$100023000000 ;101.90%;41.40%;3.7;Havana;78.7;36;$0.05 ;Spanish;;8.42;11333483;53.60%;;;1.64%;8739135;21.521.757;-77.781.167
Cyprus;131;CY;12.20%;9251;16;10.46;357;Nicosia;6626;102.51;0.30%;EUR;1.33;18.70%;$1.23 ;$24564647935 ;99.30%;75.90%;1.9;Statosï¿½ï¿½ï¿½ï¿½ï¿½ï¿½ï¿½;80.8;6;;Greek;43.90%;1.95;1198575;63.10%;24.50%;22.40%;7.27%;800708;35.126.413;33.429.859
Czech Republic;139;CZ;45.20%;78867;23;10.7;420;Prague;102218;116.48;2.80%;CZK;1.69;34.60%;$1.17 ;$246489245495 ;100.70%;64.10%;2.7;Prague;79;3;$3.00 ;Czech;14.80%;4.12;10669709;60.60%;14.90%;46.10%;1.93%;7887156;49.817.492;15.472.962
Democratic Republic of the Congo;40;CD;11.60%;2344858;134;41.18;243;Kinshasa;2021;133.85;2.90%;CDF;5.92;67.20%;$1.49 ;$47319624204 ;108.00%;6.60%;68.2;Kinshasa;60.4;473;$0.18 ;French;37.40%;0.07;86790567;63.50%;10.70%;50.70%;4.24%;39095679;-4.038.333;21.758.664
Denmark;137;DK;62.00%;43094;15;10.6;45;Copenhagen;31786;110.35;0.80%;DKK;1.73;14.70%;$1.55 ;$348078018464 ;101.30%;80.60%;3.6;Copenhagen;81;4;;Danish;13.70%;4.01;5818553;62.20%;32.40%;23.80%;4.91%;5119978;5.626.392;9.501.785
Djibouti;43;DJ;73.40%;232;13;21.47;253;Djibouti City;620;120.25;3.30%;DJF;2.73;0.20%;$1.32 ;$3318716359 ;75.30%;5.30%;49.8;Djibouti City;66.6;248;;French;20.40%;0.22;97356;60.20%;;37.90%;10.30%;758549;11.825.138;42.590.275
Dominica;96;DM;33.30%;751;;12;1;Roseau;180;103.87;1.00%;XCD;1.9;57.40%;;$596033333 ;114.70%;7.20%;32.9;Roseau;76.6;;$1.48 ;English;28.40%;1.08;71808;;22.10%;32.60%;;5083;15.414.999;-61.370.976
Dominican Republic;225;DO;48.70%;4867;71;19.51;1;Santo Domingo;25258;135.5;1.80%;DOP;2.35;41.70%;$1.07 ;$88941298258 ;105.70%;59.90%;24.1;Santo Domingo;73.9;95;$0.40 ;Spanish;43.70%;1.56;10738958;64.30%;13.00%;48.80%;5.84%;8787475;18.735.693;-70.162.651
Ecuador;71;EC;22.20%;283561;41;19.72;593;Quito;41155;124.14;0.30%;USD;2.43;50.20%;$0.61 ;$107435665000 ;103.30%;44.90%;12.2;Quito;76.8;59;$2.46 ;Spanish;43.70%;2.04;17373662;68.00%;;34.40%;3.97%;11116711;-1.831.239;-78.183.406
Egypt;103;EG;3.80%;1001450;836;26.38;20;Cairo;23856;288.57;9.20%;EGP;3.33;0.10%;$0.40 ;$303175127598 ;106.30%;35.20%;18.1;Cairo;71.8;37;;Modern Standard Arabic;62.00%;0.45;100388073;46.40%;12.50%;44.40%;10.76%;42895824;26.820.553;30.802.498
El Salvador;313;SV;76.40%;21041;42;18.25;503;San Salvador;7169;111.23;0.10%;;2.04;12.60%;$0.83 ;$27022640000 ;94.80%;29.40%;11.8;San Salvador;73.1;46;$0.50 ;Spanish;27.90%;1.57;6453553;59.10%;18.10%;36.40%;4.11%;4694702;13.794.185;-8.889.653
Equatorial Guinea;50;GQ;10.10%;28051;1;33.24;240;Malabo;5655;124.35;1.20%;XAF;4.51;55.50%;;$11026774945 ;61.80%;1.90%;62.6;Malabo;58.4;301;$1.05 ;Spanish;72.00%;0.4;1355986;62.00%;6.10%;79.40%;6.43%;984812;1.650.801;10.267.895
Eritrea;35;ER;75.20%;1176;202;30.3;291;Asmara;711;;;ERN;4.06;14.90%;$2.00 ;$2065001626 ;68.40%;3.40%;31.3;Asmara;65.9;480;;Tigrinya;52.40%;0.06;6333135;78.40%;;83.70%;5.14%;1149670;15.179.384;39.782.334
Estonia;31;EE;23.10%;45228;6;10.9;372;Tallinn;1659;122.14;2.30%;EUR;1.59;51.30%;$1.14 ;$31386949981 ;97.20%;69.60%;2.1;Tallinn;78.2;9;$3.14 ;Estonian;22.80%;4.48;1331824;63.60%;20.90%;47.80%;5.11%;916024;58.595.272;25.013.607
Eswatini;67;;;17364;;;268;Mbabane;;;;;;;;$3791304348 ;;;;Mbabane;;;;English;11.30%;;1093238;;28.60%;;;;-26.522.503;31.465.866
Ethiopia;115;ET;36.30%;1104300;138;32.34;251;Addis Ababa;1487;143.86;15.80%;ETB;4.25;12.50%;$0.75 ;$96107662398 ;101.00%;8.10%;39.1;Addis Ababa;66.2;401;;Amharic;37.80%;0.08;112078730;79.60%;7.50%;37.70%;2.08%;23788710;9.145;40.489.673
Fiji;49;FJ;23.30%;18274;4;21.28;679;Suva;2046;132.3;1.80%;FJD;2.77;55.90%;$0.82 ;$5535548972 ;106.40%;16.10%;21.6;Suva;67.3;34;$1.28 ;Fiji Hindi;21.40%;0.84;889953;57.60%;24.20%;32.10%;4.10%;505048;-17.713.371;178.065.032
Finland;18;FI;7.50%;338145;25;8.6;358;Helsinki;45871;112.33;1.00%;EUR;1.41;73.10%;$1.45 ;$268761201365 ;100.20%;88.20%;1.4;Helsinki;81.7;3;;Swedish;19.90%;3.81;5520314;59.10%;20.80%;36.60%;6.59%;4716888;6.192.411;25.748.151
France;119;FR;52.40%;643801;307;11.3;33;Paris;303276;110.05;1.10%;EUR;1.88;31.20%;$1.39 ;$2715518274227 ;102.50%;65.60%;3.4;Paris;82.5;8;$11.16 ;French;6.80%;3.27;67059887;55.10%;24.20%;60.70%;8.43%;54123364;46.227.638;2.213.749
Gabon;9;GA;20.00%;267667;7;31.61;241;Libreville;5321;122.19;2.10%;XAF;3.97;90.00%;$0.92 ;$16657960228 ;139.90%;8.30%;32.7;Libreville;66.2;252;$1.46 ;French;25.90%;0.68;2172579;52.90%;10.20%;47.10%;20.00%;1949694;-0.803689;11.609.444
The Gambia;239;GM;59.80%;113;1;38.54;220;Banjul;532;172.73;7.10%;GMD;5.22;48.40%;$1.18 ;$1763819048 ;98.00%;2.70%;39;Serekunda;61.7;597;$0.13 ;English;20.30%;0.1;2347706;59.40%;9.40%;48.40%;9.06%;1453958;13.443.182;-15.310.139
Georgia;57;GE;34.50%;697;26;13.47;995;Tbilisi;10128;133.61;4.90%;GEL;2.06;40.60%;$0.76 ;$17743195770 ;98.60%;63.90%;8.7;Tbilisi;73.6;25;$0.05 ;Georgian;57.30%;7.12;3720382;68.30%;21.70%;9.90%;14.40%;2196476;42.315.407;43.356.892
Germany;240;DE;47.70%;357022;180;9.5;49;Berlin;727973;112.85;1.40%;EUR;1.56;32.70%;$1.39 ;$3845630030824 ;104.00%;70.20%;3.1;Berlin;80.9;7;$9.99 ;German;12.50%;4.25;83132799;60.80%;11.50%;48.80%;3.04%;64324835;51.165.691;10.451.526
Ghana;137;GH;69.00%;238533;16;29.41;233;Accra;1667;268.36;7.20%;GHS;3.87;41.20%;$0.92 ;$66983634224 ;104.80%;15.70%;34.9;Accra;63.8;308;$0.27 ;English;36.10%;0.14;30792608;67.80%;12.60%;55.40%;4.33%;17249054;7.946.527;-1.023.194
Greece;81;GR;47.60%;131957;146;8.1;30;Athens;62434;101.87;0.20%;EUR;1.35;31.70%;$1.54 ;$209852761469 ;99.60%;136.60%;3.6;Macedonia;81.3;3;$4.46 ;Greek;35.50%;5.48;10716322;51.80%;26.20%;51.90%;17.24%;8507474;39.074.208;21.824.312
Grenada;331;GD;23.50%;349;;16.47;1;St. George's Grenada;268;107.43;0.80%;XCD;2.06;50.00%;$1.12 ;$1228170370 ;106.90%;104.60%;13.7;St. George's Grenada;72.4;25;;English;57.00%;1.41;112003;;19.40%;47.80%;;40765;121.165;-61.679
Guatemala;167;GT;36.00%;108889;43;24.56;502;Guatemala City;16777;142.92;3.70%;GTQ;2.87;32.70%;$0.79 ;$76710385880 ;101.90%;21.80%;22.1;Guatemala City;74.1;95;$1.60 ;Spanish;55.80%;0.35;16604026;62.30%;10.60%;35.20%;2.46%;8540945;15.783.471;-90.230.759
Guinea;53;GN;59.00%;245857;13;36.36;224;Conakry;2996;262.95;9.50%;GNF;4.7;25.80%;$0.90 ;$13590281809 ;91.50%;11.60%;64.9;Kankan;61.2;576;;French;54.50%;0.08;12771246;61.50%;10.80%;69.30%;4.30%;4661505;9.945.587;-9.696.645
Guinea-Bissau;70;GW;58.00%;36125;4;35.13;245;Bissau;293;111.65;1.40%;XOF;4.48;69.80%;;$1340389411 ;118.70%;2.60%;54;Bissau;58;667;$0.16 ;Portuguese;37.20%;0.13;1920922;72.00%;10.30%;45.50%;2.47%;840922;11.803.749;-15.180.413
Guyana;4;GY;8.60%;214969;3;19.97;592;Georgetown Guyana;2384;116.19;2.10%;GYD;2.46;83.90%;$0.90 ;$4280443645 ;97.80%;11.60%;25.1;Georgetown Guyana;69.8;169;$0.98 ;English;40.50%;0.8;782766;56.20%;;30.60%;11.85%;208912;4.860.416;-5.893.018
Haiti;414;HT;66.80%;2775;0;24.35;509;Port-au-Prince;2978;179.29;12.50%;HTG;2.94;3.50%;$0.81 ;$8498981821 ;113.60%;1.10%;49.5;Port-au-Prince;63.7;480;$0.25 ;French;36.30%;0.23;11263077;67.20%;;42.70%;13.78%;6328948;18.971.187;-72.285.215
Vatican City;2003;;;0;;;379;Vatican City;;;;EUR;;;;;;;;;;;;Italian;;;836;;;;;;41.902.916;12.453.389
Honduras;89;HN;28.90%;11209;23;21.6;504;Tegucigalpa;9813;150.34;4.40%;HNL;2.46;40.00%;$0.98 ;$25095395475 ;91.50%;26.20%;15.1;Tegucigalpa;75.1;65;$1.01 ;Spanish;49.10%;0.31;9746117;68.80%;17.30%;39.10%;5.39%;5626433;15.199.999;-86.241.905
Hungary;107;HU;58.40%;93028;40;9.6;36;Budapest;45537;121.64;3.30%;HUF;1.54;22.90%;$1.18 ;$160967157504 ;100.80%;48.50%;3.6;Budapest;75.8;12;$2.62 ;Hungarian;29.00%;3.41;9769949;56.50%;23.00%;37.90%;3.40%;6999582;47.162.494;19.503.304
Iceland;3;IS;18.70%;103;0;12;354;Reykjavï¿½ï¿½;2065;129;3.00%;ISK;1.71;0.50%;$1.69 ;$24188035739 ;100.40%;71.80%;1.5;Reykjavï¿½ï¿½;82.7;4;;Icelandic;17.00%;4.08;361313;75.00%;23.30%;31.90%;2.84%;33911;64.963.051;-19.020.835
India;464;IN;60.40%;3287263;3031000;17.86;91;New Delhi;2407672;180.44;7.70%;INR;2.22;23.80%;$0.97 ;$2611000000000 ;113.00%;28.10%;29.9;Kurebhar;69.4;145;$0.30 ;Hindi;65.10%;0.86;1366417754;49.30%;11.20%;49.70%;5.36%;471031528;20.593.684;7.896.288
Indonesia;151;ID;31.50%;1904569;676;18.07;62;Jakarta;563325;151.18;3.00%;IDR;2.31;49.90%;$0.63 ;$1119190780753 ;106.40%;36.30%;21.1;Kalimantan;71.5;177;$0.48 ;Indonesian;48.30%;0.43;270203917;67.50%;10.20%;30.10%;4.69%;151509724;-0.789275;113.921.327
Iran;52;IR;28.20%;1648195;563;18.78;98;Tehran;66171;550.93;39.90%;IRR;2.14;6.60%;$0.40 ;$445345282123 ;110.70%;68.10%;12.4;Tehran;76.5;16;$1.58 ;Persian;39.70%;1.58;82913906;44.70%;7.40%;44.70%;11.38%;62509623;32.427.908;53.688.046
Iraq;93;IQ;21.40%;438317;209;29.08;964;Baghdad;190061;119.86;0.40%;IQD;3.67;1.90%;$0.61 ;$234094042939 ;108.70%;16.20%;22.5;Baghdad;70.5;79;$1.24 ;Arabic;76.50%;0.71;39309783;43.00%;2.00%;30.80%;12.82%;27783368;33.223.191;43.679.291
Republic of Ireland;72;;64.50%;70273;9;12.5;353;Dublin;37711;106.58;0.90%;EUR;1.75;11.00%;$1.37 ;$388698711348 ;100.90%;77.80%;3.1;Connacht;82.3;5;$10.79 ;Irish;15.20%;3.31;5007069;62.10%;18.30%;26.10%;4.93%;3133123;5.341.291;-824.389
Israel;400;IL;24.60%;2077;178;20.8;972;Jerusalem;65166;108.15;0.80%;ILS;3.09;7.70%;$1.57 ;$395098666122 ;104.90%;63.40%;3;Jerusalem;82.8;3;$7.58 ;Hebrew;24.40%;4.62;9053300;64.00%;23.10%;25.30%;3.86%;8374393;31.046.051;34.851.612
Italy;206;IT;43.20%;30134;347;7.3;39;Rome;320411;110.62;0.60%;EUR;1.29;31.80%;$1.61 ;$2001244392042 ;101.90%;61.90%;2.6;Rome;82.9;2;;Italian;22.80%;3.98;60297396;49.60%;24.30%;59.10%;9.89%;42651966;4.187.194;1.256.738
Jamaica;273;JM;41.00%;10991;4;16.1;1876;Kingston Jamaica;8225;162.47;3.90%;JMD;1.98;30.90%;$1.11 ;$16458071068 ;91.00%;27.10%;12.4;Kingston Jamaica;74.4;80;$1.33 ;Jamaican English;23.70%;1.31;2948279;66.00%;26.80%;35.10%;8.00%;1650594;18.109.581;-77.297.508
Japan;347;JP;12.30%;377944;261;7.4;81;Tokyo;1135886;105.48;0.50%;;1.42;68.50%;$1.06 ;$5081769542380 ;98.80%;63.20%;1.8;Tokyo;84.2;5;$6.77 ;None;13.10%;2.41;126226568;61.70%;11.90%;46.70%;2.29%;115782416;36.204.824;138.252.924
Jordan;115;JO;12.00%;89342;116;21.98;962;Amman;25108;125.6;0.80%;JOD;2.76;1.10%;$1.10 ;$43743661972 ;81.50%;34.40%;13.9;Amman;74.4;46;$1.49 ;Arabic;25.10%;2.32;10101694;39.30%;15.10%;28.60%;14.72%;9213048;30.585.164;36.238.414
Kazakhstan;7;KZ;80.40%;2724900;71;21.77;7;Astana;247207;182.75;5.20%;KZT;2.84;1.20%;$0.42 ;$180161741180 ;104.40%;61.70%;8.8;Almaty;73.2;10;$0.41 ;Russian;38.80%;3.25;18513930;68.80%;11.70%;28.40%;4.59%;10652915;48.019.573;66.923.684
Kenya;94;KE;48.50%;580367;29;28.75;254;Nairobi;1791;180.51;4.70%;KES;3.49;7.80%;$0.95 ;$95503088538 ;103.20%;11.50%;30.6;Nairobi;66.3;342;$0.25 ;Swahili;33.40%;0.16;52573973;74.70%;15.10%;37.20%;2.64%;14461523;-0.023559;37.906.193
Kiribati;147;KI;42.00%;811;;27.89;686;South Tarawa;66;99.55;0.60%;AUD;3.57;15.00%;;$194647202 ;101.30%;;41.2;South Tarawa;68.1;92;;English;0.20%;0.2;117606;;22.00%;32.70%;;64489;18.368.976;-1.573.768.317
Kuwait;240;KW;8.40%;17818;25;13.94;965;Kuwait City;98734;126.6;1.10%;KWD;2.08;0.40%;$0.35 ;$134761198946 ;92.40%;54.40%;6.7;Kuwait City;75.4;12;$0.95 ;Modern Standard Arabic;14.40%;2.58;4207083;73.50%;1.40%;13.00%;2.18%;4207083;2.931.166;47.481.766
Kyrgyzstan;34;KG;55.00%;199951;21;27.1;996;Bishkek;9787;155.68;1.10%;KGS;3.3;3.30%;$0.56 ;$8454619608 ;107.60%;41.30%;16.9;Bishkek;71.4;60;$0.09 ;Russian;48.20%;1.88;6456900;59.80%;18.00%;29.00%;6.33%;2362644;4.120.438;74.766.098
Laos;32;LA;10.30%;2368;129;23.55;856;Vientiane;17763;135.87;3.30%;LAK;2.67;82.10%;$0.93 ;$18173839128 ;102.40%;15.00%;37.6;Vientiane;67.6;185;$0.83 ;Lao;45.40%;0.37;7169455;78.50%;12.90%;24.10%;0.63%;2555552;1.985.627;102.495.496
Latvia;30;LV;31.10%;64589;6;10;371;Riga;7004;116.86;2.80%;EUR;1.6;54.00%;$1.16 ;$34117202555 ;99.40%;88.10%;3.3;Riga;74.7;19;$2.80 ;Latvian;41.60%;3.19;1912789;61.40%;22.90%;38.10%;6.52%;1304943;56.879.635;24.603.189
Lebanon;667;LB;64.30%;104;80;17.55;961;Beirut;24796;130.02;3.00%;LBP;2.09;13.40%;$0.74 ;$53367042272 ;95.10%;26.30%;6.4;Tripoli Lebanon;78.9;29;$2.15 ;Arabic;32.10%;2.1;6855713;47.00%;15.30%;32.20%;6.23%;6084994;33.854.721;35.862.285
Lesotho;71;LS;77.60%;30355;2;26.81;266;Maseru;2512;155.86;5.20%;;3.14;1.60%;$0.70 ;$2460072444 ;120.90%;10.20%;65.7;Maseru;53.7;544;$0.41 ;English;16.90%;0.07;2125268;67.90%;31.60%;13.60%;23.41%;607508;-29.609.988;28.233.608
Liberia;53;LR;28.00%;111369;2;33.04;231;Monrovia;1386;223.13;23.60%;;4.32;43.10%;$0.80 ;$3070518100 ;85.10%;11.90%;53.5;Monrovia;63.7;661;$0.17 ;English;19.60%;0.04;4937374;76.30%;12.90%;46.20%;2.81%;2548426;6.428.055;-9.429.499
Libya;4;LY;8.70%;1759540;0;18.83;218;;50564;125.71;2.60%;LYD;2.24;0.10%;$0.11 ;$52076250948 ;109.00%;60.50%;10.2;;72.7;72;$1.88 ;Arabic;36.70%;2.09;6777452;49.70%;;32.60%;18.56%;5448597;263.351;17.228.331
Liechtenstein;238;LI;32.20%;160;;9.9;423;Vaduz;51;;;CHF;1.44;43.10%;$1.74 ;$6552858739 ;104.70%;35.60%;;Schaan;83;;;German;;;38019;;;21.60%;;5464;471.410.392;9.520.935
Lithuania;43;LT;47.20%;653;34;10;370;Vilnius;12963;118.38;2.30%;EUR;1.63;34.80%;$1.16 ;$54219315600 ;103.90%;72.40%;3.3;Vilnius;75.7;8;$2.41 ;Lithuanian;32.10%;6.35;2786844;61.60%;16.90%;42.60%;6.35%;1891013;55.169.438;23.881.275
Luxembourg;242;LU;53.70%;2586;2;10.3;352;Luxembourg City;8988;115.09;1.70%;EUR;1.37;35.70%;$1.19 ;$71104919108 ;102.30%;19.20%;1.9;Luxembourg City;82.1;5;$13.05 ;Luxembourgish;10.60%;3.01;645397;59.30%;26.50%;20.40%;5.36%;565488;49.815.273;6.129.583
Madagascar;48;MG;71.20%;587041;22;32.66;261;Antananarivo;3905;184.33;5.60%;MGA;4.08;21.40%;$1.11 ;$14083906357 ;142.50%;5.40%;38.2;Antananarivo;66.7;335;$0.21 ;French;21.70%;0.18;26969307;86.10%;10.20%;38.30%;1.76%;10210849;-18.766.947;46.869.107
Malawi;203;MW;61.40%;118484;15;34.12;265;Lilongwe;1298;418.34;9.40%;MWK;4.21;33.20%;$1.15 ;$7666704427 ;142.50%;0.80%;35.3;Lilongwe;63.8;349;$0.12 ;English;11.00%;0.04;18628747;76.70%;17.30%;34.50%;5.65%;3199301;-13.254.308;34.301.525
Malaysia;99;MY;26.30%;329847;136;16.75;60;Kuala Lumpur;248289;121.46;0.70%;MYR;2;67.60%;$0.45 ;$364701517788 ;105.30%;45.10%;6.7;Johor Bahru;76;29;$0.93 ;Malaysian language;36.70%;1.51;32447385;64.30%;12.00%;38.70%;3.32%;24475766;4.210.484;101.975.766
Maldives;1802;MV;26.30%;298;5;14.2;960;Malï¿½;1445;99.7;0.20%;;1.87;3.30%;$1.63 ;$5729248472 ;97.10%;31.20%;7.4;Malï¿½;78.6;53;;Divehi;16.40%;4.56;530953;69.80%;19.50%;30.20%;6.14%;213645;3.202.778;7.322.068
Mali;17;ML;33.80%;1240192;18;41.54;223;Bamako;3179;108.73;-1.70%;XOF;5.88;3.80%;$1.12 ;$17510141171 ;75.60%;4.50%;62;Bamako;58.9;562;$0.23 ;French;46.30%;0.13;19658031;70.80%;11.60%;54.50%;7.22%;8479688;17.570.692;-3.996.166
Malta;138;MT;32.40%;316;2;9.2;356;Valletta;1342;113.45;1.60%;EUR;1.23;1.10%;$1.36 ;$14786156563 ;105.00%;54.30%;6.1;Birkirkara;82.3;6;$5.07 ;Maltese;37.10%;2.86;502653;56.50%;26.20%;44.00%;3.47%;475902;35.937.496;14.375.416
Marshall Islands;329;MH;63.90%;181;;29.03;692;Majuro;143;;;USD;4.05;70.20%;$1.44 ;$221278000 ;84.70%;23.70%;27.4;Majuro;65.2;;$2.00 ;Marshallese;10.00%;0.42;58791;;17.80%;65.90%;;45514;7.131.474;171.184.478
Mauritania;5;MR;38.50%;1030700;21;33.69;222;Nouakchott;2739;135.02;2.30%;MRU;4.56;0.20%;$1.13 ;$7593752450 ;99.90%;5.00%;51.5;Nouakchott;64.7;766;$0.53 ;Arabic;48.20%;0.19;4525696;45.90%;;67.00%;9.55%;2466821;2.100.789;-10.940.835
Mauritius;626;MU;42.40%;204;3;10.2;230;Port Louis;4349;129.91;0.40%;MUR;1.41;19.00%;$1.12 ;$14180444557 ;101.10%;40.60%;13.6;Port Louis;74.4;61;$0.38 ;French;50.70%;2.53;1265711;58.30%;19.10%;22.20%;6.67%;51598;-20.348.404;57.552.152
Mexico;66;MX;54.60%;1964375;336;17.6;52;Mexico City;486406;141.54;3.60%;MXN;2.13;33.90%;$0.73 ;$1258286717125 ;105.80%;40.20%;11;Mexico City;75;33;$0.49 ;None;41.40%;2.38;126014024;60.70%;13.10%;55.10%;3.42%;102626859;23.634.501;-102.552.784
Federated States of Micronesia;784;FM;31.40%;702;;22.82;691;Palikir;143;112.1;0.50%;USD;3.05;91.90%;;$401932279 ;97.20%;14.10%;25.6;Palikir;67.8;88;;English;2.50%;0.18;113815;;25.20%;60.50%;;25963;7.425.554;150.550.812
Moldova;123;MD;74.20%;33851;7;10.1;373;Chiï¿½ï¿½ï¿½ï¿½;5115;166.2;4.80%;MDL;1.26;12.60%;$0.80 ;$11955435457 ;90.60%;39.80%;13.6;Chiï¿½ï¿½ï¿½ï¿½;71.8;19;$0.31 ;Romanian;46.20%;3.21;2657637;43.10%;17.70%;38.70%;5.47%;1135502;47.411.631;28.369.885
Monaco;26337;MC;;2;;5.9;377;Monaco City;;;;EUR;;;$2.00 ;$7184844193 ;;;2.6;Monaco City;;;$11.72 ;French;6.10%;6.56;38964;;;;;38964;437.384.176;74.246.158
Mongolia;2;MN;71.50%;1564116;18;24.13;976;Ulaanbaatar;25368;195.76;7.30%;MNT;2.9;8.00%;$0.72 ;$13852850259 ;104.00%;65.60%;14;Ulaanbaatar;69.7;45;$0.65 ;Mongolian;39.30%;2.86;3225167;59.70%;16.80%;25.70%;6.01%;2210626;46.862.496;103.846.656
Montenegro;47;ME;19.00%;13812;12;11.73;382;Podgorica;2017;116.32;2.60%;EUR;1.75;61.50%;$1.16 ;$5494736901 ;100.00%;56.10%;2.3;Podgorica;76.8;6;$1.23 ;Montenegrin language;31.80%;2.76;622137;54.40%;;22.20%;14.88%;417765;42.708.678;1.937.439
Morocco;83;MA;68.50%;44655;246;18.94;212;Rabat;61276;111.07;0.20%;MAD;2.42;12.60%;$0.99 ;$118725279596 ;113.90%;35.90%;19.2;Casablanca;76.5;70;$1.60 ;Arabic;53.10%;0.73;36910560;45.30%;21.90%;45.80%;9.02%;22975026;31.791.702;-709.262
Mozambique;40;MZ;63.50%;79938;11;37.52;258;Maputo;7943;182.31;2.80%;MZN;4.85;48.00%;$0.65 ;$14934159926 ;112.60%;7.30%;54;Maputo;60.2;289;$0.27 ;Portuguese;6.80%;0.08;30366036;78.10%;0.00%;36.10%;3.24%;11092106;-18.665.695;35.529.562
Myanmar;83;MM;19.50%;676578;513;17.55;95;Naypyidaw;2528;168.18;8.80%;MMK;2.15;43.60%;$0.54 ;$76085852617 ;112.30%;18.80%;36.8;Yangon;66.9;250;$0.39 ;Burmese;73.90%;0.68;54045420;61.70%;5.40%;31.20%;1.58%;16674093;21.916.221;95.955.974
Namibia;3;;47.10%;824292;16;28.64;264;Windhoek;4228;157.97;3.70%;;3.4;8.30%;$0.76 ;$12366527719 ;124.20%;22.90%;29;Windhoek;63.4;195;;English;8.30%;0.42;2494530;59.50%;27.10%;20.70%;20.27%;1273258;-2.295.764;1.849.041
Nauru;541;NR;;21;;;674;Yaren District;;;;AUD;;;;$133000000 ;;;;;;;;English;;;10084;;;;;;-0.522778;166.931.503
Nepal;203;NP;28.70%;147181;112;19.89;977;Kathmandu;9105;188.73;5.60%;NPR;1.92;25.40%;$0.91 ;$30641380604 ;142.10%;12.40%;26.7;Kathmandu;70.5;186;$0.36 ;Nepali;60.40%;0.75;28608710;83.80%;20.70%;41.80%;1.41%;5765513;28.394.857;84.124.008
Netherlands;508;NL;53.30%;41543;41;9.7;31;Amsterdam;17078;115.91;2.60%;;1.59;11.20%;$1.68 ;$909070395161 ;104.20%;85.00%;3.3;Amsterdam;81.8;5;$10.29 ;Dutch;12.30%;3.61;17332850;63.60%;23.00%;41.20%;3.20%;15924729;52.132.633;5.291.266
New Zealand;18;NZ;40.50%;268838;9;11.98;64;Wellington;34382;114.24;1.60%;NZD;1.71;38.60%;$1.40 ;$206928765544 ;100.00%;82.00%;4.7;Auckland;81.9;9;$11.49 ;English;12.60%;3.59;4841000;69.90%;29.00%;34.60%;4.07%;4258860;-40.900.557;174.885.971
Nicaragua;55;NI;42.10%;13037;12;20.64;505;Managua;5592;162.74;5.40%;NIO;2.4;25.90%;$0.91 ;$12520915291 ;120.60%;17.40%;15.7;Managua;74.3;98;$0.54 ;Spanish;36.00%;0.98;6545502;66.40%;15.60%;60.60%;6.84%;3846137;12.865.416;-85.207.229
Niger;19;NE;36.10%;1267000;10;46.08;227;Niamey;2017;109.32;-2.50%;XOF;6.91;0.90%;$0.88 ;$12928145120 ;74.70%;4.40%;48;Niamey;62;509;$0.29 ;French;52.30%;0.04;23310715;72.00%;11.80%;47.20%;0.47%;3850231;17.607.789;8.081.666
Nigeria;226;NG;77.70%;923768;215;37.91;234;Abuja;120369;267.51;11.40%;NGN;5.39;7.20%;$0.46 ;$448120428859 ;84.70%;10.20%;75.7;Lagos;54.3;917;$0.54 ;English;72.20%;0.38;200963599;52.90%;1.50%;34.80%;8.10%;102806948;9.081.999;8.675.277
North Korea;214;KP;21.80%;120538;1469000;13.89;850;Pyongyang;28284;;;KPW;1.9;40.70%;$0.58 ;$32100000000 ;112.80%;27.00%;13.7;Pyongyang;72.1;89;;Korean;;3.67;25666161;80.40%;;;2.74%;15947412;40.339.852;127.510.093
North Macedonia;83;;;25713;;;389;Skopje;;;;MKD;;;;$10220781069 ;;;;Skopje;;;;Macedonian;35.60%;;1836713;;;;;;41.608.635;21.745.275
Norway;15;NO;2.70%;323802;23;10.4;47;Oslo;41023;120.27;2.20%;NOK;1.56;33.20%;$1.78 ;$403336363636 ;100.30%;82.00%;2.1;Oslo;82.8;2;;Norwegian;14.30%;2.92;5347896;63.80%;23.90%;36.20%;3.35%;4418218;60.472.024;8.468.946
Oman;16;OM;4.60%;3095;47;19.19;968;Muscat;63457;113.53;0.10%;OMR;2.89;0.00%;$0.45 ;$76983094928 ;103.40%;38.00%;9.8;Seeb;77.6;19;$4.33 ;Arabic;6.40%;2;5266535;72.40%;2.50%;27.40%;2.67%;4250777;214.735.329;55.975.413
Pakistan;287;PK;47.80%;796095;936;28.25;92;Islamabad;20115;182.32;10.60%;PKR;3.51;1.90%;$0.79 ;$304400000000 ;94.30%;9.00%;57.2;Karachi;67.1;140;$0.69 ;Urdu;66.50%;0.98;216565318;52.60%;9.20%;33.90%;4.45%;79927762;30.375.321;69.345.116
Palau;39;PW;10.90%;459;;14;680;Ngerulmud;224;118.17;1.30%;USD;2.21;87.60%;;$283994900 ;112.60%;54.70%;16.6;Koror;69.1;;$3.00 ;English;21.80%;1.18;18233;;21.30%;76.60%;;14491;751.498;13.458.252
Palestinian National Authority;847;;;;;;;;;;;;;;;;;;;;;;;Arabic;;;;;;;;;31.952.162;35.233.154
Panama;58;PA;30.40%;7542;26;18.98;507;Panama City;10715;122.07;-0.40%;;2.46;61.90%;$0.74 ;$66800800000 ;94.40%;47.80%;13.1;Panama City;78.3;52;$1.53 ;Spanish;30.50%;1.57;4246439;66.60%;;37.20%;3.90%;2890084;8.537.981;-80.782.127
Papua New Guinea;20;PG;2.60%;46284;4;27.07;675;Port Moresby;7536;155.99;3.60%;PGK;3.56;74.10%;$1.36 ;$24969611435 ;108.50%;1.80%;38;Port Moresby;64.3;145;$1.16 ;Tok Pisin;5.80%;0.07;8776109;47.20%;13.60%;37.10%;2.46%;1162834;-6.314.993;14.395.555
Paraguay;18;PY;55.10%;406752;27;20.57;595;Asunciï¿½ï¿½;7407;143.82;2.80%;PYG;2.43;37.70%;$1.04 ;$38145288940 ;104.40%;34.60%;17.2;Ciudad del Este;74.1;129;$1.55 ;Spanish;36.50%;1.35;7044636;72.10%;10.00%;35.00%;4.81%;4359150;-23.442.503;-58.443.832
Peru;26;PE;18.50%;1285216;158;17.95;51;Lima;57414;129.78;2.10%;PEN;2.25;57.70%;$0.99 ;$226848050820 ;106.90%;70.70%;11.1;Lima;76.5;88;$1.28 ;Spanish;30.90%;1.27;32510453;77.60%;14.30%;36.80%;3.31%;25390339;-9.189.967;-75.015.152
Philippines;368;PH;41.70%;300;153;20.55;63;Manila;122287;129.61;2.50%;PHP;2.58;27.80%;$0.86 ;$376795508680 ;107.50%;35.50%;22.5;Manila;71.1;121;$1.12 ;English;53.50%;0.6;108116615;59.60%;14.00%;43.10%;2.15%;50975903;12.879.721;121.774.017
Poland;124;PL;46.90%;312685;191;10.2;48;Warsaw;299037;114.11;2.20%;PLN;1.46;30.90%;$1.07 ;$592164400688 ;100.00%;67.80%;3.8;Warsaw;77.6;2;$2.93 ;Polish;23.20%;2.38;37970874;56.70%;17.40%;40.80%;3.47%;22796574;51.919.438;19.145.136
Portugal;111;PT;39.50%;92212;52;8.5;351;Lisbon;48742;110.62;0.30%;EUR;1.38;34.60%;$1.54 ;$237686075635 ;106.20%;63.90%;3.1;Lisbon;81.3;8;$3.78 ;Portuguese;27.70%;5.12;10269417;58.80%;22.80%;39.80%;6.33%;6753579;39.399.872;-8.224.454
Qatar;248;QA;5.80%;11586;22;9.54;974;Doha;103259;115.38;-0.70%;QAR;1.87;0.00%;$0.40 ;$183466208791 ;103.80%;17.90%;5.8;Doha;80.1;9;;Arabic;6.20%;2.49;2832067;86.80%;14.70%;11.30%;0.09%;2809071;25.354.826;51.183.884
Romania;84;RO;58.80%;238391;126;9.6;40;Bucharest;69259;123.78;3.80%;RON;1.71;30.10%;$1.16 ;$250077444017 ;85.20%;49.40%;6.1;Bucharest;75.4;19;$2.25 ;Romanian;21.30%;2.98;19356544;54.70%;14.60%;20.00%;3.98%;10468793;45.943.161;2.496.676
Russia;9;RU;13.30%;17098240;1454000;11.5;7;Moscow;1732027;180.75;4.50%;RUB;1.57;49.80%;$0.59 ;$1699876578871 ;102.60%;81.90%;6.1;Moscow;72.7;17;$0.53 ;Russian;36.40%;4.01;144373535;61.80%;11.40%;46.20%;4.59%;107683889;6.152.401;105.318.756
Rwanda;525;RW;73.40%;26338;35;31.7;250;Kigali;1115;151.09;3.40%;RWF;4.04;19.70%;$1.17 ;$10122472590 ;133.00%;6.70%;27;Kigali;68.7;248;;Swahili;26.00%;0.13;12626950;83.70%;14.30%;33.20%;1.03%;2186104;-1.940.278;29.873.888
Saint Kitts and Nevis;205;KN;23.10%;261;;12.6;1;Basseterre;238;104.57;-1.00%;XCD;2.11;42.30%;;$1050992593 ;108.70%;86.70%;9.8;Basseterre;71.3;;$3.33 ;English;56.60%;2.52;52823;;18.50%;49.70%;;16269;17.357.822;-62.782.998
Saint Lucia;301;LC;17.40%;616;;12;1;Castries;414;110.13;1.90%;XCD;1.44;33.20%;$1.30 ;$2122450630 ;102.60%;14.10%;14.9;Castries;76.1;117;;English;48.40%;0.64;18279;67.10%;18.20%;34.70%;20.71%;3428;13.909.444;-60.978.893
Saint Vincent and the Grenadines;284;VC;25.60%;389;;14.24;1;Kingstown;220;109.67;2.30%;XCD;1.89;69.20%;;$825385185 ;113.40%;23.70%;14.8;Calliaqua;72.4;68;$1.16 ;English;21.40%;0.66;100455;65.90%;25.40%;37.00%;18.88%;58185;12.984.305;-61.287.228
Samoa;70;WS;12.40%;2831;;24.38;685;Apia;246;117.56;1.00%;WST;3.88;60.40%;$0.91 ;$850655017 ;110.50%;7.60%;13.6;Apia;73.2;43;$0.78 ;Samoan;11.50%;0.34;202506;43.70%;25.50%;19.30%;8.36%;35588;-13.759.029;-172.104.629
San Marino;566;SM;16.70%;61;;6.8;378;City of San Marino;;110.63;1.00%;EUR;1.26;0.00%;;$1637931034 ;108.10%;42.50%;1.7;City of San Marino;85.4;;;Italian;18.30%;6.11;3386;;18.10%;36.20%;;32969;4.394.236;12.457.777
Sï¿½ï¿½ï¿½ï¿½ï¿½ï¿½ï¿½ï¿½ï¿½ï¿½ï¿½;228;ST;50.70%;964;1;31.54;239;Sï¿½ï¿½ï¿½ï¿½;121;185.09;7.90%;STN;4.32;55.80%;;$429016605 ;106.80%;13.40%;24.4;Sï¿½ï¿½ï¿½ï¿½;70.2;130;;;11.70%;0.05;215056;57.80%;14.60%;37.00%;13.37%;158277;;
Saudi Arabia;16;SA;80.80%;2149690;252;17.8;966;Riyadh;563449;118.4;-1.20%;SAR;2.32;0.50%;$0.24 ;$792966838162 ;99.80%;68.00%;6;Riyadh;75;17;$3.85 ;Arabic;15.00%;2.61;34268528;55.90%;8.90%;15.70%;5.93%;28807838;23.885.942;45.079.162
Senegal;87;SN;46.10%;196722;19;34.52;221;Dakar;10902;109.25;1.80%;XOF;4.63;42.80%;$1.14 ;$23578084052 ;81.00%;12.80%;31.8;Pikine;67.7;315;$0.31 ;French;44.20%;0.07;16296364;45.70%;16.30%;44.80%;6.60%;7765706;14.497.401;-14.452.362
Serbia;100;RS;39.30%;77474;32;9.2;381;Belgrade;45221;144;1.80%;RSD;1.49;31.10%;$1.16 ;$51409167351 ;100.30%;67.20%;4.8;Belgrade;75.5;12;$1.57 ;Serbian;40.60%;3.11;6944975;54.90%;18.60%;36.60%;12.69%;3907243;44.016.521;21.005.859
Seychelles;214;SC;3.40%;455;0;17.1;248;Victoria Seychelles;605;129.96;1.80%;SCR;2.41;88.40%;;$1698843063 ;100.40%;17.10%;12.4;Victoria Seychelles;72.8;53;$2.00 ;French;2.50%;0.95;97625;;34.10%;30.10%;;55762;-4.679.574;55.491.977
Sierra Leone;111;SL;54.70%;7174;9;33.41;232;Freetown;1093;234.16;14.80%;SLL;4.26;43.10%;$1.08 ;$3941474311 ;112.80%;2.00%;78.5;Freetown;54.3;1120;$0.57 ;English;38.20%;0.03;7813215;57.90%;8.60%;30.70%;4.43%;3319366;8.460.555;-11.779.889
Singapore;8358;SG;0.90%;716;81;8.8;65;;37535;114.41;0.60%;SGD;1.14;23.10%;$1.25 ;$372062527489 ;100.60%;84.80%;2.3;;83.1;8;;Malay;36.70%;2.29;5703569;70.50%;13.10%;21.00%;4.11%;5703569;1.352.083;103.819.836
Slovakia;114;SK;39.20%;49035;16;10.6;421;Bratislava;32424;115.34;2.70%;EUR;1.52;40.40%;$1.32 ;$105422304976 ;98.70%;46.60%;4.6;Bratislava;77.2;5;$3.11 ;Slovak;18.40%;3.42;5454073;59.50%;18.70%;49.70%;5.56%;2930419;48.669.026;19.699.024
Slovenia;103;SI;30.70%;20273;7;9.4;386;Ljubljana;12633;111.05;1.60%;EUR;1.6;62.00%;$1.32 ;$53742159517 ;100.40%;78.60%;1.7;Ljubljana;81;7;$5.25 ;Slovene language;12.50%;3.09;2087946;58.40%;18.60%;31.00%;4.20%;1144654;46.151.241;14.995.463
Solomon Islands;25;SB;3.90%;28896;;32.44;677;Honiara;169;133.06;1.60%;SBD;4.4;77.90%;;$1425074226 ;106.20%;;17.1;Honiara;72.8;104;$0.40 ;English;3.30%;0.19;669823;83.80%;29.50%;32.00%;0.58%;162164;-964.571;160.156.194
Somalia;25;SO;70.30%;637657;20;41.75;252;Mogadishu;645;;;SOS;6.07;10.00%;$1.41 ;$4720727278 ;23.40%;2.50%;76.6;Bosaso;57.1;829;;Arabic;;0.02;15442905;47.40%;0.00%;;11.35%;7034861;5.152.149;46.199.616
South Africa;49;ZA;79.80%;1219090;80;20.51;27;Pretoria;476644;158.93;4.10%;ZAR;2.41;7.60%;$0.92 ;$351431649241 ;100.90%;22.40%;28.5;Johannesburg;63.9;119;;Afrikaans;7.70%;0.91;58558270;56.00%;27.50%;29.20%;28.18%;39149717;-30.559.482;22.937.506
South Korea;527;KR;17.40%;9972;634;6.4;82;Seoul;620302;115.16;0.40%;KRW;0.98;63.40%;$1.22 ;$2029000000000 ;98.10%;94.30%;2.7;Seoul;82.6;11;$6.49 ;Korean;36.80%;2.36;51709098;63.00%;15.60%;33.20%;4.15%;42106719;35.907.757;127.766.922
South Sudan;18;SS;;644329;185;35.01;211;Juba;1727;4583.71;187.90%;SSP;4.7;;$0.28 ;$11997800751 ;73.00%;;63.7;Juba;57.6;1150;;English;61.30%;;11062113;72.40%;;31.40%;12.24%;2201250;68.769.919;313.069.788
Spain;94;ES;52.60%;50537;196;7.9;34;Madrid;244002;110.96;0.70%;EUR;1.26;36.90%;$1.26 ;$1394116310769 ;102.70%;88.90%;2.5;Madrid;83.3;4;$5.60 ;Spanish;24.20%;3.87;47076781;57.50%;14.20%;47.00%;13.96%;37927409;40.463.667;-374.922
Sri Lanka;341;LK;43.70%;6561;317;15.83;94;Colombo;23362;155.53;3.50%;LKR;2.2;32.90%;$0.88 ;$84008783756 ;100.20%;19.60%;6.4;Colombo;76.8;36;$0.35 ;Tamil;38.40%;1;21803000;53.90%;11.90%;55.20%;4.20%;4052088;7.873.054;80.771.797
Sudan;25;SD;28.70%;1861484;124;32.18;249;Khartoum;20;1344.19;51.00%;SDG;4.41;8.10%;$0.95 ;$18902284476 ;76.80%;16.90%;42.1;Omdurman;65.1;295;$0.41 ;Arabic;63.20%;0.26;42813238;48.40%;8.00%;45.40%;16.53%;14957233;12.862.807;30.217.636
Suriname;4;SR;0.60%;16382;2;18.54;597;Paramaribo;1738;294.66;22.00%;SRD;2.42;98.30%;$1.29 ;$3985250737 ;108.80%;12.60%;16.9;Paramaribo;71.6;120;;Dutch;10.10%;1.21;581372;51.10%;19.50%;27.90%;7.33%;384258;3.919.305;-56.027.783
Sweden;25;SE;7.40%;450295;30;11.4;46;Stockholm;43252;110.51;1.80%;SEK;1.76;68.90%;$1.42 ;$530832908738 ;126.60%;67.00%;2.2;Sï¿½ï¿½ï¿½ï¿½ï¿½;82.5;4;;Swedish;15.20%;3.98;10285453;64.60%;27.90%;49.10%;6.48%;9021165;60.128.161;18.643.501
Switzerland;219;CH;38.40%;41277;21;10;41;Bern;34477;99.55;0.40%;CHF;1.52;31.80%;$1.45 ;$703082435360 ;105.20%;59.60%;3.7;Zï¿½ï¿½ï¿½;83.6;5;;German;28.30%;4.3;8574832;68.30%;10.10%;28.80%;4.58%;6332428;46.818.188;8.227.512
Syria;95;SY;75.80%;18518;239;23.69;963;Damascus;2883;143.2;36.70%;SYP;2.81;2.70%;$0.83 ;$40405006007 ;81.70%;40.10%;14;Damascus;71.8;31;$1.02 ;Arabic;53.70%;1.22;17070135;44.10%;14.20%;42.70%;8.37%;9358019;34.802.075;38.996.815
Tajikistan;68;TJ;34.10%;1441;17;30.76;992;Dushanbe;531;148.57;6.00%;TJS;3.59;3.00%;$0.71 ;$8116626794 ;100.90%;31.30%;30.4;Dushanbe;70.9;17;$0.23 ;Persian;63.10%;1.7;9321018;42.00%;9.80%;67.30%;11.02%;2545477;38.861.034;71.276.093
Tanzania;67;TZ;44.80%;9473;28;36.7;255;Dodoma;11973;187.43;3.50%;TZS;4.89;51.60%;$0.87 ;$63177068175 ;94.20%;4.00%;37.6;Dar es Salaam;65;524;$0.09 ;Swahili;26.10%;0.01;58005463;83.40%;11.50%;43.80%;1.98%;20011885;-6.369.028;34.888.822
Thailand;137;TH;43.30%;51312;455;10.34;66;Bangkok;283763;113.27;0.70%;THB;1.53;32.20%;$0.71 ;$543649976166 ;99.80%;49.30%;7.8;Bangkok;76.9;37;$1.06 ;Thai;11.80%;0.81;69625582;67.30%;14.90%;29.50%;0.75%;35294600;15.870.032;100.992.541
East Timor;89;TL;25.60%;14874;2;29.42;670;Dili;495;145.38;2.60%;USD;4.02;45.40%;$1.10 ;$1673540300 ;115.30%;17.80%;39.3;Dili;69.3;142;$0.60 ;Portuguese;10.20%;0.72;3500000;67.30%;25.00%;17.30%;4.55%;400182;-8.874.217;125.727.539
Togo;152;TG;70.20%;56785;10;33.11;228;Lomï¿½;3;113.3;0.70%;XOF;4.32;3.10%;$0.71 ;$5459979417 ;123.80%;14.50%;47.4;Lomï¿½;60.8;396;$0.34 ;French;51.00%;0.08;8082366;77.60%;16.90%;48.20%;2.04%;3414638;8.619.543;0.824782
Tonga;147;TO;45.80%;747;;24.3;676;Nukuï¿½ï¿½ï¿½ï¿½;128;121.09;7.40%;TOP;3.56;12.50%;;$450353314 ;116.30%;6.40%;13.4;Nukuï¿½ï¿½ï¿½ï¿½;70.8;52;;Tongan Language;10.20%;0.52;100209;59.80%;22.30%;27.50%;1.12%;24145;-21.178.986;-175.198.242
Trinidad and Tobago;273;TT;10.50%;5128;4;12.94;1;Port of Spain;43868;141.75;1.00%;TTD;1.73;46.00%;$0.54 ;$24100202834 ;106.20%;12.00%;16.4;Chaguanas;73.4;67;$2.25 ;English;37.30%;4.17;1394973;60.00%;19.50%;40.50%;2.69%;741944;10.691.803;-61.222.503
Tunisia;76;TN;64.80%;16361;48;17.56;216;Tunis;29937;155.33;6.70%;TND;2.2;6.80%;$0.73 ;$38797709924 ;115.40%;31.70%;14.6;Tunis;76.5;43;$0.47 ;Arabic;39.80%;1.3;11694719;46.10%;21.10%;60.70%;16.02%;8099061;33.886.917;9.537.499
Turkey;110;TR;49.80%;783562;512;16.03;90;Ankara;372725;234.44;15.20%;TRY;2.07;15.40%;$1.42 ;$754411708203 ;93.20%;23.90%;9.1;Istanbul;77.4;17;$3.45 ;Turkish;16.90%;1.85;83429615;52.80%;17.90%;42.30%;13.49%;63097818;38.963.745;35.243.322
Turkmenistan;13;TM;72.00%;4881;42;23.83;993;Ashgabat;7063;;;TMT;2.79;8.80%;$0.29 ;$40761142857 ;88.40%;8.00%;39.3;Ashgabat;68.1;7;$0.88 ;Turkmen;71.10%;2.22;5942089;64.50%;;;3.91%;3092738;38.969.719;59.556.278
Tuvalu;393;TV;60.00%;26;;;688;Funafuti;11;;;AUD;;33.30%;;$47271463 ;86.00%;;20.6;Singapore;;;;Tuvaluan Language;0.70%;0.92;11646;;;;;7362;-7.109.535;17.764.933
Uganda;229;UG;71.90%;241038;46;38.14;256;Kampala;568;173.87;2.90%;UGX;4.96;9.70%;$0.94 ;$34387229486 ;102.70%;4.80%;33.8;Buganda;63;375;$0.01 ;Swahili;40.50%;0.17;44269594;70.30%;11.70%;33.70%;1.84%;10784516;1.373.333;32.290.275
Ukraine;75;UA;71.70%;60355;297;8.7;380;Kyiv;20225;281.66;7.90%;UAH;1.3;16.70%;$0.83 ;$153781069118 ;99.00%;82.70%;7.5;Kyiv;71.6;19;$0.84 ;Ukrainian;47.80%;2.99;44385155;54.20%;20.10%;45.20%;8.88%;30835699;48.379.433;3.116.558
United Arab Emirates;118;AE;5.50%;836;63;10.33;971;Abu Dhabi;206324;114.52;-1.90%;AED;1.41;4.60%;$0.49 ;$421142267938 ;108.40%;36.80%;6.5;Dubai;77.8;3;;Arabic;17.80%;2.53;9770529;82.10%;0.10%;15.90%;2.35%;8479744;23.424.076;53.847.818
United Kingdom;281;GB;71.70%;24361;148;11;44;London;379025;119.62;1.70%;GBP;1.68;13.10%;$1.46 ;$2827113184696 ;101.20%;60.00%;3.6;London;81.3;7;$10.13 ;English;14.80%;2.81;66834405;62.80%;25.50%;30.60%;3.85%;55908316;55.378.051;-3.435.973
United States;36;US;44.40%;9833517;1359000;11.6;1;Washington D.C.;5006302;117.24;7.50%;USD;1.73;33.90%;$0.71 ;$21427700000000 ;101.80%;88.20%;5.6;New York City;78.5;19;$7.25 ;None;11.10%;2.61;328239523;62.00%;9.60%;36.60%;14.70%;270663028;3.709.024;-95.712.891
Uruguay;20;UY;82.60%;176215;22;13.86;598;Montevideo;6766;202.92;7.90%;UYU;1.97;10.70%;$1.50 ;$56045912952 ;108.50%;63.10%;6.4;Montevideo;77.8;17;$1.66 ;Spanish;16.20%;5.05;3461734;64.00%;20.10%;41.80%;8.73%;3303394;-32.522.779;-55.765.835
Uzbekistan;79;UZ;62.90%;4474;68;23.3;998;Tashkent;91811;;;UZS;2.42;7.50%;$1.03 ;$57921286440 ;104.20%;10.10%;19.1;Tashkent;71.6;29;$0.24 ;Uzbek;42.70%;2.37;33580650;65.10%;14.80%;31.60%;5.92%;16935729;41.377.491;64.585.262
Vanuatu;25;VU;15.30%;12189;;29.6;678;Port Vila;147;117.13;2.80%;VUV;3.78;36.10%;$1.31 ;$917058851 ;109.30%;4.70%;22.3;Port Vila;70.3;72;$1.56 ;French;8.90%;0.17;299882;69.90%;17.80%;8.50%;4.39%;76152;-15.376.706;166.959.158
Venezuela;32;VE;24.50%;91205;343;17.88;58;Caracas;164175;2740.27;254.90%;VED;2.27;52.70%;$0.00 ;$482359318768 ;97.20%;79.30%;21.4;Caracas;72.1;125;$0.01 ;Spanish;45.80%;1.92;28515829;59.70%;;73.30%;8.80%;25162368;642.375;-6.658.973
Vietnam;314;VN;39.30%;33121;522;16.75;84;Hanoi;192668;163.52;2.80%;VND;2.05;48.10%;$0.80 ;$261921244843 ;110.60%;28.50%;16.5;Ho Chi Minh City;75.3;43;$0.73 ;Vietnamese;43.50%;0.82;96462106;77.40%;19.10%;37.60%;2.01%;35332140;14.058.324;108.277.199
Yemen;56;YE;44.60%;527968;40;30.45;967;Sanaa;10609;157.58;8.10%;YER;3.79;1.00%;$0.92 ;$26914402224 ;93.60%;10.20%;42.9;Sanaa;66.1;164;;Arabic;81.00%;0.31;29161922;38.00%;;26.60%;12.91%;10869523;15.552.727;48.516.388
Zambia;25;ZM;32.10%;752618;16;36.19;260;Lusaka;5141;212.31;9.20%;ZMW;4.63;65.20%;$1.40 ;$23064722446 ;98.70%;4.10%;40.4;Lusaka;63.5;213;$0.24 ;English;27.50%;1.19;17861030;74.60%;16.20%;15.60%;11.43%;7871713;-13.133.897;27.849.332
Zimbabwe;38;ZW;41.90%;390757;51;30.68;263;Harare;10983;105.51;0.90%;;3.62;35.50%;$1.34 ;$21440758800 ;109.90%;10.00%;33.9;Harare;61.2;458;;Shona;25.80%;0.21;14645468;83.10%;20.70%;31.60%;4.95%;4717305;-19.015.438;29.154.857
